-- MySQL dump 10.13  Distrib 8.0.28, for Win64 (x86_64)
--
-- Host: localhost    Database: hairdresser
-- ------------------------------------------------------
-- Server version	8.0.28

/*!40101 SET @OLD_CHARACTER_SET_CLIENT=@@CHARACTER_SET_CLIENT */;
/*!40101 SET @OLD_CHARACTER_SET_RESULTS=@@CHARACTER_SET_RESULTS */;
/*!40101 SET @OLD_COLLATION_CONNECTION=@@COLLATION_CONNECTION */;
/*!50503 SET NAMES utf8 */;
/*!40103 SET @OLD_TIME_ZONE=@@TIME_ZONE */;
/*!40103 SET TIME_ZONE='+00:00' */;
/*!40014 SET @OLD_UNIQUE_CHECKS=@@UNIQUE_CHECKS, UNIQUE_CHECKS=0 */;
/*!40014 SET @OLD_FOREIGN_KEY_CHECKS=@@FOREIGN_KEY_CHECKS, FOREIGN_KEY_CHECKS=0 */;
/*!40101 SET @OLD_SQL_MODE=@@SQL_MODE, SQL_MODE='NO_AUTO_VALUE_ON_ZERO' */;
/*!40111 SET @OLD_SQL_NOTES=@@SQL_NOTES, SQL_NOTES=0 */;

--
-- Table structure for table `anagrafica_t`
--

DROP TABLE IF EXISTS `anagrafica_t`;
/*!40101 SET @saved_cs_client     = @@character_set_client */;
/*!50503 SET character_set_client = utf8mb4 */;
CREATE TABLE `anagrafica_t` (
  `id_anagrafica` int NOT NULL AUTO_INCREMENT,
  `descrizione` varchar(50) NOT NULL,
  `prezzo` float(5,2) NOT NULL,
  `tempo_medio` int NOT NULL,
  PRIMARY KEY (`id_anagrafica`)
) ENGINE=InnoDB AUTO_INCREMENT=8 DEFAULT CHARSET=utf8mb4 COLLATE=utf8mb4_0900_ai_ci;
/*!40101 SET character_set_client = @saved_cs_client */;

--
-- Dumping data for table `anagrafica_t`
--

LOCK TABLES `anagrafica_t` WRITE;
/*!40000 ALTER TABLE `anagrafica_t` DISABLE KEYS */;
INSERT INTO `anagrafica_t` VALUES (1,'Taglio ',20.00,60),(2,'Colore',50.00,60),(3,'Piega',15.00,60),(4,'Permanente',70.00,60),(5,'Balayage',60.00,60),(6,'Colpi Di Sole',70.00,60),(7,'Stiratura',30.00,60);
/*!40000 ALTER TABLE `anagrafica_t` ENABLE KEYS */;
UNLOCK TABLES;

--
-- Table structure for table `appuntamento_t`
--

DROP TABLE IF EXISTS `appuntamento_t`;
/*!40101 SET @saved_cs_client     = @@character_set_client */;
/*!50503 SET character_set_client = utf8mb4 */;
CREATE TABLE `appuntamento_t` (
  `id_prenotazione` int NOT NULL,
  `id_anagrafica` int NOT NULL,
  PRIMARY KEY (`id_prenotazione`,`id_anagrafica`),
  KEY `appuntamento_anagrafica_fk` (`id_anagrafica`),
  CONSTRAINT `appuntamento_anagrafica_fk` FOREIGN KEY (`id_anagrafica`) REFERENCES `anagrafica_t` (`id_anagrafica`),
  CONSTRAINT `appuntamento_prenotazione_fk` FOREIGN KEY (`id_prenotazione`) REFERENCES `prenotazione_t` (`id_prenotazione`) ON DELETE CASCADE
) ENGINE=InnoDB DEFAULT CHARSET=utf8mb4 COLLATE=utf8mb4_0900_ai_ci;
/*!40101 SET character_set_client = @saved_cs_client */;

--
-- Dumping data for table `appuntamento_t`
--

LOCK TABLES `appuntamento_t` WRITE;
/*!40000 ALTER TABLE `appuntamento_t` DISABLE KEYS */;
INSERT INTO `appuntamento_t` VALUES (1,1),(2,1),(3,1),(4,1),(5,1),(6,1),(7,1),(8,1),(9,1),(10,1),(11,1),(12,1),(13,1),(14,1),(15,1),(16,1),(17,1),(18,1),(19,1),(20,1),(21,1),(22,1),(23,1),(24,1),(25,1),(26,1),(27,1),(28,1),(29,1),(30,1),(31,1),(32,1),(33,1),(34,1),(35,1),(36,1),(37,1),(38,1),(39,1),(40,1),(41,1),(42,1),(43,1),(44,1),(45,1),(46,1),(47,1),(48,1),(49,1),(50,1),(51,1),(52,1),(53,1),(54,1),(55,1),(56,1),(57,1),(58,1),(59,1),(60,1),(61,1),(62,1),(63,1),(64,1),(65,1),(66,1),(67,1),(68,1),(69,1),(70,1),(71,1),(72,1),(73,1),(74,1),(75,1),(76,1),(77,1),(78,1),(79,1),(80,1),(81,1),(82,1),(83,1),(84,1),(85,1),(86,1),(87,1),(88,1),(89,1),(90,1),(91,1),(92,1),(93,1),(94,1),(95,1),(96,1),(97,1),(98,1),(99,1),(100,1),(101,1),(102,1),(103,1),(104,1),(105,1),(106,1),(107,1),(108,1),(109,1),(110,1),(111,1),(112,1),(113,1),(114,1),(115,1),(116,1),(117,1),(118,1),(119,1),(120,1),(121,1),(122,1),(123,1),(124,1),(125,1),(126,1),(127,1),(128,1),(129,1),(130,1),(131,1),(132,1),(133,1),(134,1),(135,1),(136,1),(137,1),(138,1),(139,1),(140,1),(141,1),(142,1),(143,1),(144,1),(145,1),(146,1),(147,1),(148,1),(149,1),(150,1),(151,1),(152,1),(153,1),(154,1),(155,1),(156,1),(157,1),(158,1),(159,1),(160,1),(161,1),(162,1),(163,1),(164,1),(165,1),(166,1),(167,1),(168,1),(169,1),(170,1),(171,1),(172,1),(173,1),(174,1),(175,1),(176,1),(177,1),(178,1),(179,1),(180,1),(181,1),(182,1),(183,1),(184,1),(185,1),(186,1),(187,1),(188,1),(189,1),(190,1),(191,1),(192,1),(193,1),(194,1),(195,1),(196,1),(197,1),(198,1),(199,1),(200,1),(1,2),(4,2),(5,2),(7,2),(14,2),(16,2),(17,2),(18,2),(19,2),(20,2),(22,2),(25,2),(27,2),(28,2),(31,2),(32,2),(33,2),(36,2),(37,2),(39,2),(43,2),(44,2),(46,2),(48,2),(49,2),(50,2),(52,2),(53,2),(56,2),(57,2),(59,2),(60,2),(61,2),(64,2),(66,2),(67,2),(69,2),(74,2),(75,2),(80,2),(81,2),(82,2),(83,2),(85,2),(86,2),(87,2),(89,2),(91,2),(93,2),(94,2),(95,2),(98,2),(99,2),(125,2),(131,2),(148,2),(159,2),(167,2),(181,2),(184,2),(2,3),(3,3),(6,3),(8,3),(9,3),(10,3),(11,3),(12,3),(13,3),(15,3),(21,3),(23,3),(24,3),(26,3),(29,3),(30,3),(34,3),(35,3),(38,3),(40,3),(41,3),(42,3),(45,3),(47,3),(51,3),(54,3),(55,3),(58,3),(62,3),(63,3),(65,3),(68,3),(70,3),(71,3),(72,3),(73,3),(76,3),(77,3),(78,3),(79,3),(84,3),(88,3),(90,3),(92,3),(96,3),(97,3),(100,3),(115,3),(118,3),(119,3),(123,3),(135,3),(144,3),(146,3),(150,3),(155,3),(165,3),(175,3),(178,3),(182,3),(187,3),(193,3),(199,3),(104,4),(107,4),(116,4),(117,4),(120,4),(128,4),(129,4),(145,4),(151,4),(153,4),(160,4),(161,4),(163,4),(174,4),(185,4),(188,4),(196,4),(101,5),(102,5),(103,5),(110,5),(112,5),(114,5),(124,5),(126,5),(127,5),(132,5),(136,5),(143,5),(152,5),(154,5),(166,5),(169,5),(171,5),(172,5),(177,5),(180,5),(183,5),(191,5),(192,5),(198,5),(105,6),(106,6),(108,6),(113,6),(122,6),(130,6),(133,6),(134,6),(137,6),(138,6),(139,6),(140,6),(141,6),(147,6),(149,6),(157,6),(168,6),(170,6),(173,6),(176,6),(186,6),(189,6),(194,6),(195,6),(197,6),(200,6),(109,7),(111,7),(121,7),(142,7),(156,7),(158,7),(162,7),(164,7),(179,7),(190,7);
/*!40000 ALTER TABLE `appuntamento_t` ENABLE KEYS */;
UNLOCK TABLES;

--
-- Table structure for table `cliente_t`
--

DROP TABLE IF EXISTS `cliente_t`;
/*!40101 SET @saved_cs_client     = @@character_set_client */;
/*!50503 SET character_set_client = utf8mb4 */;
CREATE TABLE `cliente_t` (
  `id_cliente` int NOT NULL AUTO_INCREMENT,
  `nome` varchar(20) NOT NULL,
  `cognome` varchar(20) NOT NULL,
  `sesso` char(1) NOT NULL,
  `indirizzo` varchar(100) NOT NULL,
  `email` varchar(40) NOT NULL,
  `numero_telefono` char(10) NOT NULL,
  `data_nascita` date NOT NULL,
  PRIMARY KEY (`id_cliente`)
) ENGINE=InnoDB AUTO_INCREMENT=101 DEFAULT CHARSET=utf8mb4 COLLATE=utf8mb4_0900_ai_ci;
/*!40101 SET character_set_client = @saved_cs_client */;

--
-- Dumping data for table `cliente_t`
--

LOCK TABLES `cliente_t` WRITE;
/*!40000 ALTER TABLE `cliente_t` DISABLE KEYS */;
INSERT INTO `cliente_t` VALUES (1,'Cecil','Attwoul','F','68 Russell Court','cattwoul0@mozilla.org','7387109180','1999-04-16'),(2,'Merilyn','Sadlier','F','350 Gulseth Park','msadlier1@netscape.com','5028499834','2008-04-16'),(3,'Walsh','Bladesmith','M','8574 Green Ridge Plaza','wbladesmith2@virginia.edu','1486554411','1945-04-16'),(4,'Keenan','Rosentholer','M','9719 Redwing Junction','krosentholer3@upenn.edu','7066111541','1945-04-16'),(5,'Alica','de Wilde','F','58 Carey Center','adewilde4@hexun.com','7285821975','2002-04-16'),(6,'Stafford','De Nisco','M','1 Dennis Trail','sdenisco5@google.fr','6612583966','1947-04-16'),(7,'Nikos','Service','M','739 Calypso Junction','nservice6@bandcamp.com','6919434601','1987-04-16'),(8,'Ursola','Ludmann','F','063 Bellgrove Hill','uludmann7@time.com','5184917266','1960-04-16'),(9,'Winnie','Hatherley','M','94 Redwing Parkway','whatherley8@bigcartel.com','1506214959','1990-04-16'),(10,'Wini','Regina','F','7180 Sachs Plaza','wregina9@ask.com','9878606382','2011-04-16'),(11,'Elaina','Redler','F','9 Lerdahl Circle','eredlera@hc360.com','9366960589','1998-04-16'),(12,'Haywood','Camois','M','881 Moland Lane','hcamoisb@mac.com','1303916651','1940-04-16'),(13,'Ody','Domini','M','303 Farwell Way','odominic@barnesandnoble.com','1486993673','1999-04-16'),(14,'Manolo','Wasylkiewicz','M','26 Trailsway Junction','mwasylkiewiczd@4shared.com','9882026828','1975-04-16'),(15,'Elnora','Garnham','F','669 Sundown Avenue','egarnhame@bbc.co.uk','2358564501','1994-04-16'),(16,'Fair','Cracoe','M','9345 Montana Road','fcracoef@sciencedaily.com','9151094831','1943-04-16'),(17,'Koren','Hyndson','F','024 Elmside Center','khyndsong@cocolog-nifty.com','1915682157','2001-04-16'),(18,'Alissa','Moxom','F','14 Northwestern Plaza','amoxomh@hc360.com','7068004269','1962-04-16'),(19,'Arther','Spawell','M','17 Sage Terrace','aspawelli@japanpost.jp','5014115832','1990-04-16'),(20,'Price','Boutellier','M','86 Clove Circle','pboutellierj@mapy.cz','4854709407','1946-04-16'),(21,'Sid','Jeness','M','30759 Atwood Point','sjenessk@aol.com','6787074780','1963-04-16'),(22,'Eolanda','Heasly','F','111 Ruskin Pass','eheaslyl@paginegialle.it','8618440856','1940-04-16'),(23,'Lanna','Henzer','F','41725 Heath Place','lhenzerm@sfgate.com','8868095027','1931-04-16'),(24,'Paulie','Haggish','M','88 Milwaukee Parkway','phaggishn@businessweek.com','8411667588','1948-04-16'),(25,'Lionello','Littleproud','M','378 Hagan Place','llittleproudo@gnu.org','6016980997','1942-04-16'),(26,'Cordie','Bacop','F','7858 Sundown Plaza','cbacopp@loc.gov','6279063402','1977-04-16'),(27,'Addia','Hallas','F','84 Alpine Parkway','ahallasq@spotify.com','2959737030','1929-04-16'),(28,'Tull','Ritzman','M','703 Sheridan Crossing','tritzmanr@usda.gov','7271549208','1939-04-16'),(29,'Andrew','Haistwell','M','2805 Hoffman Park','ahaistwells@themeforest.net','7369784521','1951-04-16'),(30,'Bearnard','Dawdary','M','78 Northport Street','bdawdaryt@example.com','6008062207','1998-04-16'),(31,'Gwenora','Kirkhouse','F','9079 Northview Alley','gkirkhouseu@photobucket.com','6468873546','1966-04-16'),(32,'Sigvard','Berzen','M','97 Sloan Trail','sberzenv@yahoo.com','6097147159','1985-04-16'),(33,'Benetta','Rosling','F','71 Sunbrook Plaza','broslingw@illinois.edu','8154800962','1934-04-16'),(34,'Diego','Fricke','M','2 Northridge Terrace','dfrickex@chicagotribune.com','1095677914','1961-04-16'),(35,'Tawsha','Nevett','F','7 Paget Circle','tnevetty@parallels.com','9649379028','1927-04-16'),(36,'Cully','Kenelin','M','24473 Pine View Lane','ckenelinz@seesaa.net','5998819080','2009-04-16'),(37,'Gare','Danniel','M','1457 Stone Corner Parkway','gdanniel10@senate.gov','9771926870','1933-04-16'),(38,'Vaclav','Griggs','M','5319 Onsgard Street','vgriggs11@123-reg.co.uk','9348455187','1930-04-16'),(39,'Kyle','Manes','M','1658 Drewry Circle','kmanes12@cam.ac.uk','4077754719','1973-04-16'),(40,'Sophia','Petschel','F','62537 Hintze Terrace','spetschel13@yandex.ru','7964637793','1953-04-16'),(41,'Karia','Rawes','F','98387 Continental Street','krawes14@bigcartel.com','3776111928','1948-04-16'),(42,'Merv','Belfrage','M','8995 Dixon Center','mbelfrage15@angelfire.com','5856312703','1933-04-16'),(43,'Isidore','Wolfendell','M','88 Dixon Park','iwolfendell16@vk.com','2125754985','1987-04-16'),(44,'Darsie','Brantzen','F','2 Kingsford Pass','dbrantzen17@nydailynews.com','6134763162','1987-04-16'),(45,'Red','Bowich','M','03976 Sheridan Terrace','rbowich18@google.co.uk','4149216599','1998-04-16'),(46,'Devin','Beaudry','M','683 Londonderry Way','dbeaudry19@howstuffworks.com','7191188000','1928-04-16'),(47,'Wakefield','Lyard','M','892 Bayside Avenue','wlyard1a@columbia.edu','3293480066','1939-04-16'),(48,'Carmine','Gration','F','06423 Mockingbird Junction','cgration1b@devhub.com','7742153945','1931-04-16'),(49,'Angelia','McPaike','F','9 Grover Lane','amcpaike1c@independent.co.uk','7476110228','1946-04-16'),(50,'Carlos','Brandi','M','56 Bayside Junction','cbrandi1d@si.edu','1417024816','1939-04-16'),(51,'Bartlet','Carde','M','9 Melby Court','bcarde1e@yelp.com','5497416895','1961-04-16'),(52,'Bonni','Boddis','F','00 Jenna Lane','bboddis1f@jiathis.com','4202075026','1964-04-16'),(53,'Carlin','Buntine','M','3400 Northport Road','cbuntine1g@google.com.au','7115276151','1998-04-16'),(54,'Nicholas','Sheerin','M','26 Darwin Point','nsheerin1h@latimes.com','5428219030','2007-04-16'),(55,'Jard','Stearndale','M','24047 Logan Way','jstearndale1i@house.gov','6739366153','1994-04-16'),(56,'Joan','Gogay','F','3 Vermont Road','jgogay1j@oaic.gov.au','1294675825','1985-04-16'),(57,'Marcy','Sollom','F','77606 Rigney Trail','msollom1k@networkadvertising.org','9091296853','1938-04-16'),(58,'Binni','Orehead','F','20487 Dunning Center','borehead1l@cdbaby.com','8262324052','1953-04-16'),(59,'Cristina','Newby','F','768 Algoma Circle','cnewby1m@ucsd.edu','7701560663','1932-04-16'),(60,'Vivia','Ollett','F','63 Marquette Park','vollett1n@cnbc.com','1064698917','2001-04-16'),(61,'Jake','Barden','M','507 Tennyson Road','jbarden1o@usnews.com','1786042006','2004-04-16'),(62,'Kordula','Auchterlony','F','802 Scofield Junction','kauchterlony1p@hubpages.com','9364202028','1951-04-16'),(63,'Ailis','Geale','F','71484 Delaware Street','ageale1q@irs.gov','7101803580','1970-04-16'),(64,'Elene','Standing','F','83 Menomonie Alley','estanding1r@ted.com','6369747896','1953-04-16'),(65,'Hartley','Bizley','M','7 Monica Point','hbizley1s@salon.com','8006585206','1944-04-16'),(66,'Hamel','Stoffel','M','0 Pennsylvania Crossing','hstoffel1t@imageshack.us','1274476214','1944-04-16'),(67,'Brunhilde','Darnbrook','F','26902 Morning Avenue','bdarnbrook1u@facebook.com','7448365220','1982-04-16'),(68,'Amery','Studart','M','2244 Judy Park','astudart1v@hao123.com','4421976374','1991-04-16'),(69,'Lowe','Questier','M','98 Emmet Terrace','lquestier1w@yahoo.com','6736049858','1985-04-16'),(70,'Elliot','Drinkhall','M','72 Declaration Crossing','edrinkhall1x@jimdo.com','8166777663','1958-04-16'),(71,'Kele','Shay','M','43745 Butternut Center','kshay1y@creativecommons.org','4086292171','1933-04-16'),(72,'Carri','Swatten','F','074 Laurel Road','cswatten1z@wordpress.com','5069005549','1931-04-16'),(73,'Debora','Marle','F','62552 Anthes Point','dmarle20@dell.com','5761720297','1931-04-16'),(74,'Arman','Blakebrough','M','3890 Maple Wood Court','ablakebrough21@canalblog.com','5466626984','1989-04-16'),(75,'Wald','Gerbl','M','6162 Arapahoe Hill','wgerbl22@rambler.ru','4093653046','1976-04-16'),(76,'Reid','Di Gregorio','M','60 Scofield Drive','rdigregorio23@yandex.ru','7012332374','1963-04-16'),(77,'Kennie','Colquete','M','5072 Service Court','kcolquete24@theglobeandmail.com','2449505831','1960-04-16'),(78,'Clemmie','Possek','M','193 Bluejay Circle','cpossek25@vistaprint.com','4867223450','1982-04-16'),(79,'Melissa','Monkeman','F','3 Esker Circle','mmonkeman26@addthis.com','4957668230','2012-04-16'),(80,'Gifford','Klus','M','0 Golden Leaf Parkway','gklus27@twitter.com','3589129880','1991-04-16'),(81,'Marten','Jonson','M','45355 Stuart Circle','mjonson28@dell.com','4401924285','1958-04-16'),(82,'Benedicta','Earwicker','F','3691 Pawling Terrace','bearwicker29@kickstarter.com','6115118215','1975-04-16'),(83,'Abbi','Addis','F','298 Jenifer Point','aaddis2a@comcast.net','2819731000','1969-04-16'),(84,'Farly','Sarfas','M','381 Hansons Way','fsarfas2b@biblegateway.com','7149976245','1937-04-16'),(85,'Mathe','Kingcote','M','1 Fairfield Alley','mkingcote2c@multiply.com','5365699206','1987-04-16'),(86,'Melina','Lemmanbie','F','18 Pankratz Park','mlemmanbie2d@imgur.com','4981621270','1928-04-16'),(87,'Nathaniel','Binham','M','84467 Emmet Alley','nbinham2e@cisco.com','3892817196','1977-04-16'),(88,'Jennette','Quarry','F','71835 Forest Court','jquarry2f@google.de','5942759737','1976-04-16'),(89,'Herve','Demange','M','52 Colorado Lane','hdemange2g@smugmug.com','7502640123','1970-04-16'),(90,'Jo ann','Brunton','F','09 Melby Lane','jbrunton2h@blogtalkradio.com','3968867670','1946-04-16'),(91,'Christean','Aitken','F','64 Bultman Court','caitken2i@dmoz.org','9386834966','1997-04-16'),(92,'Reynold','Ausello','M','83648 Clove Center','rausello2j@eventbrite.com','3782850685','1964-04-16'),(93,'Flo','Romain','F','912 Pond Junction','fromain2k@sun.com','1502441411','1931-04-16'),(94,'Mercie','Kapiloff','F','26677 Ridge Oak Point','mkapiloff2l@woothemes.com','4015482980','1991-04-16'),(95,'Georgine','Worsfield','F','5 Meadow Vale Lane','gworsfield2m@mac.com','5155327696','1948-04-16'),(96,'Dalila','Navan','F','4279 Lotheville Junction','dnavan2n@psu.edu','1887639298','1949-04-16'),(97,'Royall','Rosewell','M','1376 Riverside Hill','rrosewell2o@webmd.com','8412684828','1950-04-16'),(98,'Stephen','Euels','M','95908 Nova Junction','seuels2p@meetup.com','9131071118','1938-04-16'),(99,'Caro','Brahan','F','8834 Carberry Avenue','cbrahan2q@youtube.com','9003676047','1972-04-16'),(100,'Nelson','Charon','M','353 Colorado Way','ncharon2r@blog.com','2129507840','1987-04-16');
/*!40000 ALTER TABLE `cliente_t` ENABLE KEYS */;
UNLOCK TABLES;

--
-- Table structure for table `feedback_t`
--

DROP TABLE IF EXISTS `feedback_t`;
/*!40101 SET @saved_cs_client     = @@character_set_client */;
/*!50503 SET character_set_client = utf8mb4 */;
CREATE TABLE `feedback_t` (
  `id_feedback` int NOT NULL AUTO_INCREMENT,
  `punteggio` int DEFAULT NULL,
  `id_trattamento` int NOT NULL,
  PRIMARY KEY (`id_feedback`),
  KEY `feedback_trattamento_fk` (`id_trattamento`),
  CONSTRAINT `feedback_trattamento_fk` FOREIGN KEY (`id_trattamento`) REFERENCES `trattamento_t` (`id_trattamento`)
) ENGINE=InnoDB AUTO_INCREMENT=201 DEFAULT CHARSET=utf8mb4 COLLATE=utf8mb4_0900_ai_ci;
/*!40101 SET character_set_client = @saved_cs_client */;

--
-- Dumping data for table `feedback_t`
--

LOCK TABLES `feedback_t` WRITE;
/*!40000 ALTER TABLE `feedback_t` DISABLE KEYS */;
INSERT INTO `feedback_t` VALUES (1,2,101),(2,5,102),(3,NULL,103),(4,4,104),(5,3,105),(6,3,106),(7,2,107),(8,5,108),(9,4,109),(10,2,110),(11,NULL,111),(12,2,112),(13,2,113),(14,4,114),(15,4,115),(16,5,116),(17,5,117),(18,3,118),(19,5,119),(20,5,120),(21,4,121),(22,1,122),(23,NULL,123),(24,3,124),(25,2,125),(26,3,126),(27,NULL,127),(28,NULL,128),(29,3,129),(30,3,130),(31,1,131),(32,4,132),(33,5,133),(34,5,134),(35,5,135),(36,5,136),(37,3,137),(38,4,138),(39,2,139),(40,5,140),(41,4,141),(42,5,142),(43,3,143),(44,4,144),(45,5,145),(46,3,146),(47,3,147),(48,NULL,148),(49,1,149),(50,4,150),(51,NULL,151),(52,3,152),(53,5,153),(54,3,154),(55,3,155),(56,1,156),(57,1,157),(58,2,158),(59,5,159),(60,3,160),(61,1,161),(62,NULL,162),(63,4,163),(64,1,164),(65,1,165),(66,NULL,166),(67,5,167),(68,5,168),(69,5,169),(70,3,170),(71,2,171),(72,1,172),(73,NULL,173),(74,1,174),(75,NULL,175),(76,3,176),(77,2,177),(78,3,178),(79,3,179),(80,2,180),(81,1,181),(82,NULL,182),(83,1,183),(84,4,184),(85,5,185),(86,3,186),(87,1,187),(88,1,188),(89,2,189),(90,1,190),(91,4,191),(92,5,192),(93,1,193),(94,NULL,194),(95,2,195),(96,2,196),(97,3,197),(98,1,198),(99,NULL,199),(100,NULL,200),(101,NULL,201),(102,NULL,202),(103,5,203),(104,1,204),(105,1,205),(106,5,206),(107,2,207),(108,5,208),(109,4,209),(110,NULL,210),(111,1,211),(112,4,212),(113,5,213),(114,3,214),(115,NULL,215),(116,2,216),(117,3,217),(118,5,218),(119,4,219),(120,2,220),(121,5,221),(122,5,222),(123,4,223),(124,NULL,224),(125,4,225),(126,5,226),(127,4,227),(128,2,228),(129,2,229),(130,5,230),(131,4,231),(132,3,232),(133,1,233),(134,5,234),(135,2,235),(136,NULL,236),(137,NULL,237),(138,3,238),(139,1,239),(140,4,240),(141,1,241),(142,2,242),(143,5,243),(144,3,244),(145,5,245),(146,3,246),(147,5,247),(148,5,248),(149,1,249),(150,5,250),(151,5,251),(152,2,252),(153,4,253),(154,1,254),(155,2,255),(156,2,256),(157,1,257),(158,NULL,258),(159,4,259),(160,4,260),(161,4,261),(162,4,262),(163,4,263),(164,3,264),(165,2,265),(166,5,266),(167,1,267),(168,3,268),(169,4,269),(170,3,270),(171,5,271),(172,3,272),(173,3,273),(174,2,274),(175,5,275),(176,3,276),(177,3,277),(178,1,278),(179,3,279),(180,NULL,280),(181,1,281),(182,4,282),(183,4,283),(184,4,284),(185,4,285),(186,1,286),(187,2,287),(188,4,288),(189,NULL,289),(190,5,290),(191,5,291),(192,2,292),(193,4,293),(194,3,294),(195,4,295),(196,3,296),(197,NULL,297),(198,NULL,298),(199,2,299),(200,3,300);
/*!40000 ALTER TABLE `feedback_t` ENABLE KEYS */;
UNLOCK TABLES;

--
-- Table structure for table `pagamento_t`
--

DROP TABLE IF EXISTS `pagamento_t`;
/*!40101 SET @saved_cs_client     = @@character_set_client */;
/*!50503 SET character_set_client = utf8mb4 */;
CREATE TABLE `pagamento_t` (
  `id_pagamento` int NOT NULL AUTO_INCREMENT,
  `modalità_pagamento` varchar(20) NOT NULL,
  `importo` float(5,2) NOT NULL,
  `data_pagamento` date NOT NULL,
  `ora_pagamento` time NOT NULL,
  `id_trattamento` int NOT NULL,
  PRIMARY KEY (`id_pagamento`),
  KEY `pagamento_trattamento_fk` (`id_trattamento`),
  CONSTRAINT `pagamento_trattamento_fk` FOREIGN KEY (`id_trattamento`) REFERENCES `trattamento_t` (`id_trattamento`)
) ENGINE=InnoDB AUTO_INCREMENT=201 DEFAULT CHARSET=utf8mb4 COLLATE=utf8mb4_0900_ai_ci;
/*!40101 SET character_set_client = @saved_cs_client */;

--
-- Dumping data for table `pagamento_t`
--

LOCK TABLES `pagamento_t` WRITE;
/*!40000 ALTER TABLE `pagamento_t` DISABLE KEYS */;
INSERT INTO `pagamento_t` VALUES (1,'Contanti',70.00,'2022-04-21','10:00:00',101),(2,'Carta_di_Credito',35.00,'2022-04-21','10:00:00',102),(3,'Contanti',35.00,'2022-05-05','10:00:00',103),(4,'Contanti',70.00,'2022-04-21','12:00:00',104),(5,'Contanti',70.00,'2022-04-21','12:00:00',105),(6,'Contanti',35.00,'2022-05-05','12:00:00',106),(7,'Contanti',70.00,'2022-04-05','14:00:00',107),(8,'Carta_di_Credito',35.00,'2022-04-21','14:00:00',108),(9,'Carta_di_Credito',35.00,'2022-04-21','14:00:00',109),(10,'Carta_di_Credito',35.00,'2022-04-21','16:00:00',110),(11,'Contanti',35.00,'2022-04-21','16:00:00',111),(12,'Contanti',35.00,'2022-05-05','16:00:00',112),(13,'Contanti',35.00,'2022-05-05','18:00:00',113),(14,'Carta_di_Credito',70.00,'2022-04-21','18:00:00',114),(15,'Carta_di_Credito',35.00,'2022-04-21','18:00:00',115),(16,'Carta_di_Credito',70.00,'2022-05-05','10:00:00',116),(17,'Contanti',70.00,'2022-04-22','10:00:00',117),(18,'Carta_di_Credito',70.00,'2022-04-22','10:00:00',118),(19,'Contanti',70.00,'2022-04-22','12:00:00',119),(20,'Contanti',70.00,'2022-05-06','12:00:00',120),(21,'Contanti',35.00,'2022-04-22','12:00:00',121),(22,'Contanti',70.00,'2022-04-22','14:00:00',122),(23,'Contanti',35.00,'2022-04-22','14:00:00',123),(24,'Carta_di_Credito',35.00,'2022-05-06','14:00:00',124),(25,'Carta_di_Credito',70.00,'2022-04-22','16:00:00',125),(26,'Carta_di_Credito',35.00,'2022-05-06','16:00:00',126),(27,'Contanti',70.00,'2022-05-06','16:00:00',127),(28,'Contanti',70.00,'2022-04-22','18:00:00',128),(29,'Carta_di_Credito',35.00,'2022-04-22','18:00:00',129),(30,'Contanti',35.00,'2022-04-22','18:00:00',130),(31,'Carta_di_Credito',70.00,'2022-05-06','10:00:00',131),(32,'Carta_di_Credito',70.00,'2022-05-06','10:00:00',132),(33,'Carta_di_Credito',70.00,'2022-04-23','10:00:00',133),(34,'Carta_di_Credito',35.00,'2022-04-23','12:00:00',134),(35,'Contanti',35.00,'2022-04-23','12:00:00',135),(36,'Contanti',70.00,'2022-04-23','12:00:00',136),(37,'Carta_di_Credito',70.00,'2022-04-23','14:00:00',137),(38,'Carta_di_Credito',35.00,'2022-04-23','14:00:00',138),(39,'Contanti',70.00,'2022-04-23','14:00:00',139),(40,'Carta_di_Credito',35.00,'2022-05-06','16:00:00',140),(41,'Contanti',35.00,'2022-04-23','16:00:00',141),(42,'Contanti',35.00,'2022-05-06','16:00:00',142),(43,'Carta_di_Credito',70.00,'2022-04-23','18:00:00',143),(44,'Contanti',70.00,'2022-04-23','18:00:00',144),(45,'Carta_di_Credito',35.00,'2022-04-23','18:00:00',145),(46,'Carta_di_Credito',70.00,'2022-05-06','10:00:00',146),(47,'Contanti',35.00,'2022-04-24','10:00:00',147),(48,'Carta_di_Credito',70.00,'2022-04-24','10:00:00',148),(49,'Carta_di_Credito',70.00,'2022-05-06','12:00:00',149),(50,'Contanti',70.00,'2022-04-24','12:00:00',150),(51,'Contanti',35.00,'2022-04-24','12:00:00',151),(52,'Contanti',70.00,'2022-04-24','14:00:00',152),(53,'Carta_di_Credito',70.00,'2022-04-24','14:00:00',153),(54,'Contanti',35.00,'2022-05-06','14:00:00',154),(55,'Carta_di_Credito',35.00,'2022-04-24','16:00:00',155),(56,'Contanti',70.00,'2022-05-06','16:00:00',156),(57,'Contanti',70.00,'2022-04-24','16:00:00',157),(58,'Contanti',35.00,'2022-04-24','18:00:00',158),(59,'Contanti',70.00,'2022-04-24','18:00:00',159),(60,'Contanti',70.00,'2022-04-24','18:00:00',160),(61,'Carta_di_Credito',70.00,'2022-05-07','10:00:00',161),(62,'Contanti',35.00,'2022-04-25','10:00:00',162),(63,'Carta_di_Credito',35.00,'2022-04-25','10:00:00',163),(64,'Carta_di_Credito',70.00,'2022-05-07','12:00:00',164),(65,'Contanti',35.00,'2022-04-25','12:00:00',165),(66,'Contanti',70.00,'2022-04-25','12:00:00',166),(67,'Carta_di_Credito',70.00,'2022-04-25','14:00:00',167),(68,'Carta_di_Credito',35.00,'2022-05-07','14:00:00',168),(69,'Carta_di_Credito',70.00,'2022-05-07','14:00:00',169),(70,'Contanti',35.00,'2022-04-25','16:00:00',170),(71,'Carta_di_Credito',35.00,'2022-05-07','16:00:00',171),(72,'Carta_di_Credito',35.00,'2022-04-25','16:00:00',172),(73,'Carta_di_Credito',35.00,'2022-05-07','18:00:00',173),(74,'Contanti',70.00,'2022-04-25','18:00:00',174),(75,'Carta_di_Credito',70.00,'2022-05-07','18:00:00',175),(76,'Contanti',35.00,'2022-04-26','10:00:00',176),(77,'Carta_di_Credito',35.00,'2022-04-26','10:00:00',177),(78,'Contanti',35.00,'2022-04-26','10:00:00',178),(79,'Contanti',35.00,'2022-04-26','12:00:00',179),(80,'Carta_di_Credito',70.00,'2022-04-26','12:00:00',180),(81,'Contanti',70.00,'2022-04-26','12:00:00',181),(82,'Contanti',70.00,'2022-04-26','14:00:00',182),(83,'Carta_di_Credito',70.00,'2022-04-26','14:00:00',183),(84,'Contanti',35.00,'2022-04-26','14:00:00',184),(85,'Contanti',70.00,'2022-04-26','16:00:00',185),(86,'Contanti',70.00,'2022-05-07','16:00:00',186),(87,'Contanti',70.00,'2022-04-26','16:00:00',187),(88,'Carta_di_Credito',35.00,'2022-04-26','18:00:00',188),(89,'Contanti',70.00,'2022-05-07','18:00:00',189),(90,'Contanti',35.00,'2022-04-26','18:00:00',190),(91,'Contanti',70.00,'2022-04-27','10:00:00',191),(92,'Contanti',35.00,'2022-04-27','10:00:00',192),(93,'Contanti',70.00,'2022-04-27','10:00:00',193),(94,'Contanti',70.00,'2022-05-08','12:00:00',194),(95,'Contanti',70.00,'2022-04-27','12:00:00',195),(96,'Contanti',35.00,'2022-04-27','12:00:00',196),(97,'Contanti',35.00,'2022-04-27','14:00:00',197),(98,'Carta_di_Credito',70.00,'2022-05-08','14:00:00',198),(99,'Contanti',70.00,'2022-05-08','14:00:00',199),(100,'Contanti',35.00,'2022-04-27','16:00:00',200),(101,'Contanti',80.00,'2022-05-08','10:00:00',201),(102,'Carta_di_Credito',80.00,'2022-04-28','10:00:00',202),(103,'Contanti',80.00,'2022-05-08','10:00:00',203),(104,'Contanti',90.00,'2022-04-28','12:00:00',204),(105,'Carta_di_Credito',90.00,'2022-04-28','12:00:00',205),(106,'Contanti',90.00,'2022-04-28','12:00:00',206),(107,'Carta_di_Credito',90.00,'2022-04-28','14:00:00',207),(108,'Carta_di_Credito',90.00,'2022-05-08','14:00:00',208),(109,'Carta_di_Credito',50.00,'2022-04-28','14:00:00',209),(110,'Carta_di_Credito',80.00,'2022-05-08','16:00:00',210),(111,'Contanti',50.00,'2022-04-28','16:00:00',211),(112,'Carta_di_Credito',80.00,'2022-05-08','16:00:00',212),(113,'Contanti',90.00,'2022-04-28','18:00:00',213),(114,'Carta_di_Credito',80.00,'2022-04-28','18:00:00',214),(115,'Carta_di_Credito',35.00,'2022-05-08','18:00:00',215),(116,'Carta_di_Credito',90.00,'2022-04-29','10:00:00',216),(117,'Carta_di_Credito',90.00,'2022-05-08','10:00:00',217),(118,'Carta_di_Credito',35.00,'2022-04-29','10:00:00',218),(119,'Contanti',35.00,'2022-04-29','12:00:00',219),(120,'Carta_di_Credito',90.00,'2022-04-29','12:00:00',220),(121,'Carta_di_Credito',50.00,'2022-05-08','12:00:00',221),(122,'Contanti',90.00,'2022-04-29','14:00:00',222),(123,'Contanti',35.00,'2022-05-08','14:00:00',223),(124,'Contanti',80.00,'2022-04-29','14:00:00',224),(125,'Carta_di_Credito',70.00,'2022-04-29','16:00:00',225),(126,'Contanti',80.00,'2022-04-29','16:00:00',226),(127,'Carta_di_Credito',80.00,'2022-04-29','16:00:00',227),(128,'Contanti',90.00,'2022-04-29','18:00:00',228),(129,'Carta_di_Credito',90.00,'2022-05-08','18:00:00',229),(130,'Contanti',90.00,'2022-04-29','18:00:00',230),(131,'Carta_di_Credito',70.00,'2022-05-08','10:00:00',231),(132,'Carta_di_Credito',80.00,'2022-04-30','10:00:00',232),(133,'Carta_di_Credito',90.00,'2022-04-30','10:00:00',233),(134,'Carta_di_Credito',90.00,'2022-04-30','12:00:00',234),(135,'Contanti',35.00,'2022-04-30','12:00:00',235),(136,'Contanti',80.00,'2022-05-08','12:00:00',236),(137,'Contanti',90.00,'2022-05-08','14:00:00',237),(138,'Contanti',90.00,'2022-05-08','14:00:00',238),(139,'Contanti',90.00,'2022-04-30','14:00:00',239),(140,'Contanti',90.00,'2022-04-30','16:00:00',240),(141,'Contanti',90.00,'2022-04-30','16:00:00',241),(142,'Carta_di_Credito',50.00,'2022-04-30','16:00:00',242),(143,'Contanti',80.00,'2022-05-08','18:00:00',243),(144,'Contanti',35.00,'2022-04-30','18:00:00',244),(145,'Carta_di_Credito',90.00,'2022-05-09','18:00:00',245),(146,'Contanti',35.00,'2022-05-01','10:00:00',246),(147,'Carta_di_Credito',90.00,'2022-05-09','10:00:00',247),(148,'Contanti',70.00,'2022-05-09','10:00:00',248),(149,'Contanti',90.00,'2022-05-01','12:00:00',249),(150,'Carta_di_Credito',35.00,'2022-05-01','12:00:00',250),(151,'Contanti',90.00,'2022-05-01','12:00:00',251),(152,'Carta_di_Credito',80.00,'2022-05-09','14:00:00',252),(153,'Contanti',90.00,'2022-05-01','14:00:00',253),(154,'Carta_di_Credito',80.00,'2022-05-09','14:00:00',254),(155,'Carta_di_Credito',35.00,'2022-05-01','16:00:00',255),(156,'Contanti',50.00,'2022-05-09','16:00:00',256),(157,'Carta_di_Credito',90.00,'2022-05-01','16:00:00',257),(158,'Contanti',50.00,'2022-05-09','18:00:00',258),(159,'Carta_di_Credito',70.00,'2022-05-01','18:00:00',259),(160,'Contanti',90.00,'2022-05-01','18:00:00',260),(161,'Contanti',90.00,'2022-05-02','10:00:00',261),(162,'Carta_di_Credito',50.00,'2022-05-09','10:00:00',262),(163,'Contanti',90.00,'2022-05-02','10:00:00',263),(164,'Contanti',50.00,'2022-05-09','12:00:00',264),(165,'Carta_di_Credito',35.00,'2022-05-02','12:00:00',265),(166,'Carta_di_Credito',80.00,'2022-05-09','12:00:00',266),(167,'Carta_di_Credito',70.00,'2022-05-02','14:00:00',267),(168,'Contanti',90.00,'2022-05-02','14:00:00',268),(169,'Contanti',80.00,'2022-05-02','14:00:00',269),(170,'Carta_di_Credito',90.00,'2022-05-02','16:00:00',270),(171,'Carta_di_Credito',80.00,'2022-05-02','16:00:00',271),(172,'Carta_di_Credito',80.00,'2022-05-02','16:00:00',272),(173,'Contanti',90.00,'2022-05-09','18:00:00',273),(174,'Contanti',90.00,'2022-05-02','18:00:00',274),(175,'Carta_di_Credito',35.00,'2022-05-09','18:00:00',275),(176,'Contanti',90.00,'2022-05-10','10:00:00',276),(177,'Carta_di_Credito',80.00,'2022-05-03','10:00:00',277),(178,'Contanti',35.00,'2022-05-03','10:00:00',278),(179,'Contanti',50.00,'2022-05-03','12:00:00',279),(180,'Carta_di_Credito',80.00,'2022-05-03','12:00:00',280),(181,'Contanti',70.00,'2022-05-09','12:00:00',281),(182,'Contanti',35.00,'2022-05-03','14:00:00',282),(183,'Contanti',80.00,'2022-05-10','14:00:00',283),(184,'Carta_di_Credito',70.00,'2022-05-03','14:00:00',284),(185,'Contanti',90.00,'2022-05-03','16:00:00',285),(186,'Contanti',90.00,'2022-05-10','16:00:00',286),(187,'Carta_di_Credito',35.00,'2022-05-03','16:00:00',287),(188,'Carta_di_Credito',90.00,'2022-05-10','18:00:00',288),(189,'Carta_di_Credito',90.00,'2022-05-03','18:00:00',289),(190,'Contanti',50.00,'2022-05-03','18:00:00',290),(191,'Contanti',80.00,'2022-05-10','10:00:00',291),(192,'Contanti',80.00,'2022-05-04','10:00:00',292),(193,'Carta_di_Credito',35.00,'2022-05-10','10:00:00',293),(194,'Contanti',90.00,'2022-05-04','12:00:00',294),(195,'Contanti',90.00,'2022-05-10','12:00:00',295),(196,'Contanti',90.00,'2022-05-10','12:00:00',296),(197,'Contanti',90.00,'2022-05-04','14:00:00',297),(198,'Carta_di_Credito',80.00,'2022-05-10','14:00:00',298),(199,'Carta_di_Credito',35.00,'2022-05-04','14:00:00',299),(200,'Carta_di_Credito',90.00,'2022-05-10','16:00:00',300);
/*!40000 ALTER TABLE `pagamento_t` ENABLE KEYS */;
UNLOCK TABLES;

--
-- Table structure for table `personale_t`
--

DROP TABLE IF EXISTS `personale_t`;
/*!40101 SET @saved_cs_client     = @@character_set_client */;
/*!50503 SET character_set_client = utf8mb4 */;
CREATE TABLE `personale_t` (
  `id_personale` int NOT NULL AUTO_INCREMENT,
  `nome` varchar(20) NOT NULL,
  `cognome` varchar(20) NOT NULL,
  `numero_telefono` char(12) NOT NULL,
  `data_nascita` date NOT NULL,
  PRIMARY KEY (`id_personale`)
) ENGINE=InnoDB AUTO_INCREMENT=4 DEFAULT CHARSET=utf8mb4 COLLATE=utf8mb4_0900_ai_ci;
/*!40101 SET character_set_client = @saved_cs_client */;

--
-- Dumping data for table `personale_t`
--

LOCK TABLES `personale_t` WRITE;
/*!40000 ALTER TABLE `personale_t` DISABLE KEYS */;
INSERT INTO `personale_t` VALUES (1,'Jarrad','Tollet','101 627 3852','1980-05-17'),(2,'Moishe','Laterza','606 320 5654','1972-06-04'),(3,'Koressa','Blackburne','535 604 1497','1990-05-27');
/*!40000 ALTER TABLE `personale_t` ENABLE KEYS */;
UNLOCK TABLES;

--
-- Table structure for table `prenotazione_t`
--

DROP TABLE IF EXISTS `prenotazione_t`;
/*!40101 SET @saved_cs_client     = @@character_set_client */;
/*!50503 SET character_set_client = utf8mb4 */;
CREATE TABLE `prenotazione_t` (
  `id_prenotazione` int NOT NULL AUTO_INCREMENT,
  `data_prenotazione` date NOT NULL,
  `ora_prenotazione` time NOT NULL,
  `id_cliente` int DEFAULT NULL,
  PRIMARY KEY (`id_prenotazione`),
  KEY `prenotazione_cliente_fk` (`id_cliente`),
  CONSTRAINT `prenotazione_cliente_fk` FOREIGN KEY (`id_cliente`) REFERENCES `cliente_t` (`id_cliente`)
) ENGINE=InnoDB AUTO_INCREMENT=201 DEFAULT CHARSET=utf8mb4 COLLATE=utf8mb4_0900_ai_ci;
/*!40101 SET character_set_client = @saved_cs_client */;

--
-- Dumping data for table `prenotazione_t`
--

LOCK TABLES `prenotazione_t` WRITE;
/*!40000 ALTER TABLE `prenotazione_t` DISABLE KEYS */;
INSERT INTO `prenotazione_t` VALUES (1,'2022-04-21','10:00:00',1),(2,'2022-04-21','10:00:00',2),(3,'2022-05-05','10:00:00',3),(4,'2022-04-21','12:00:00',4),(5,'2022-04-21','12:00:00',5),(6,'2022-05-05','12:00:00',6),(7,'2022-04-05','14:00:00',7),(8,'2022-04-21','14:00:00',8),(9,'2022-04-21','14:00:00',9),(10,'2022-04-21','16:00:00',10),(11,'2022-04-21','16:00:00',11),(12,'2022-05-05','16:00:00',12),(13,'2022-05-05','18:00:00',13),(14,'2022-04-21','18:00:00',14),(15,'2022-04-21','18:00:00',15),(16,'2022-05-05','10:00:00',16),(17,'2022-04-22','10:00:00',17),(18,'2022-04-22','10:00:00',18),(19,'2022-04-22','12:00:00',19),(20,'2022-05-06','12:00:00',20),(21,'2022-04-22','12:00:00',21),(22,'2022-04-22','14:00:00',22),(23,'2022-04-22','14:00:00',23),(24,'2022-05-06','14:00:00',24),(25,'2022-04-22','16:00:00',25),(26,'2022-05-06','16:00:00',26),(27,'2022-05-06','16:00:00',27),(28,'2022-04-22','18:00:00',28),(29,'2022-04-22','18:00:00',29),(30,'2022-04-22','18:00:00',30),(31,'2022-05-06','10:00:00',31),(32,'2022-05-06','10:00:00',32),(33,'2022-04-23','10:00:00',33),(34,'2022-04-23','12:00:00',34),(35,'2022-04-23','12:00:00',35),(36,'2022-04-23','12:00:00',36),(37,'2022-04-23','14:00:00',37),(38,'2022-04-23','14:00:00',38),(39,'2022-04-23','14:00:00',39),(40,'2022-05-06','16:00:00',40),(41,'2022-04-23','16:00:00',41),(42,'2022-05-06','16:00:00',42),(43,'2022-04-23','18:00:00',43),(44,'2022-04-23','18:00:00',44),(45,'2022-04-23','18:00:00',45),(46,'2022-05-06','10:00:00',46),(47,'2022-04-24','10:00:00',47),(48,'2022-04-24','10:00:00',48),(49,'2022-05-06','12:00:00',49),(50,'2022-04-24','12:00:00',50),(51,'2022-04-24','12:00:00',51),(52,'2022-04-24','14:00:00',52),(53,'2022-04-24','14:00:00',53),(54,'2022-05-06','14:00:00',54),(55,'2022-04-24','16:00:00',55),(56,'2022-05-06','16:00:00',56),(57,'2022-04-24','16:00:00',57),(58,'2022-04-24','18:00:00',58),(59,'2022-04-24','18:00:00',59),(60,'2022-04-24','18:00:00',60),(61,'2022-05-07','10:00:00',61),(62,'2022-04-25','10:00:00',62),(63,'2022-04-25','10:00:00',63),(64,'2022-05-07','12:00:00',64),(65,'2022-04-25','12:00:00',65),(66,'2022-04-25','12:00:00',66),(67,'2022-04-25','14:00:00',67),(68,'2022-05-07','14:00:00',67),(69,'2022-05-07','14:00:00',69),(70,'2022-04-25','16:00:00',70),(71,'2022-05-07','16:00:00',71),(72,'2022-04-25','16:00:00',72),(73,'2022-05-07','18:00:00',73),(74,'2022-04-25','18:00:00',74),(75,'2022-05-07','18:00:00',75),(76,'2022-04-26','10:00:00',76),(77,'2022-04-26','10:00:00',77),(78,'2022-04-26','10:00:00',78),(79,'2022-04-26','12:00:00',79),(80,'2022-04-26','12:00:00',80),(81,'2022-04-26','12:00:00',81),(82,'2022-04-26','14:00:00',82),(83,'2022-04-26','14:00:00',83),(84,'2022-04-26','14:00:00',84),(85,'2022-04-26','16:00:00',85),(86,'2022-05-07','16:00:00',86),(87,'2022-04-26','16:00:00',87),(88,'2022-04-26','18:00:00',88),(89,'2022-05-07','18:00:00',89),(90,'2022-04-26','18:00:00',90),(91,'2022-04-27','10:00:00',91),(92,'2022-04-27','10:00:00',92),(93,'2022-04-27','10:00:00',93),(94,'2022-05-08','12:00:00',94),(95,'2022-04-27','12:00:00',95),(96,'2022-04-27','12:00:00',96),(97,'2022-04-27','14:00:00',97),(98,'2022-05-08','14:00:00',98),(99,'2022-05-08','14:00:00',99),(100,'2022-04-27','16:00:00',100),(101,'2022-05-08','10:00:00',1),(102,'2022-04-28','10:00:00',2),(103,'2022-05-08','10:00:00',3),(104,'2022-04-28','12:00:00',4),(105,'2022-04-28','12:00:00',5),(106,'2022-04-28','12:00:00',6),(107,'2022-04-28','14:00:00',7),(108,'2022-05-08','14:00:00',8),(109,'2022-04-28','14:00:00',9),(110,'2022-05-08','16:00:00',10),(111,'2022-04-28','16:00:00',11),(112,'2022-05-08','16:00:00',12),(113,'2022-04-28','18:00:00',13),(114,'2022-04-28','18:00:00',14),(115,'2022-05-08','18:00:00',15),(116,'2022-04-29','10:00:00',16),(117,'2022-05-08','10:00:00',17),(118,'2022-04-29','10:00:00',18),(119,'2022-04-29','12:00:00',19),(120,'2022-04-29','12:00:00',20),(121,'2022-05-08','12:00:00',21),(122,'2022-04-29','14:00:00',22),(123,'2022-05-08','14:00:00',23),(124,'2022-04-29','14:00:00',24),(125,'2022-04-29','16:00:00',25),(126,'2022-04-29','16:00:00',26),(127,'2022-04-29','16:00:00',27),(128,'2022-04-29','18:00:00',28),(129,'2022-05-08','18:00:00',29),(130,'2022-04-29','18:00:00',30),(131,'2022-05-08','10:00:00',31),(132,'2022-04-30','10:00:00',32),(133,'2022-04-30','10:00:00',33),(134,'2022-04-30','12:00:00',34),(135,'2022-04-30','12:00:00',35),(136,'2022-05-08','12:00:00',36),(137,'2022-05-08','14:00:00',37),(138,'2022-05-08','14:00:00',38),(139,'2022-04-30','14:00:00',39),(140,'2022-04-30','16:00:00',40),(141,'2022-04-30','16:00:00',41),(142,'2022-04-30','16:00:00',42),(143,'2022-05-08','18:00:00',43),(144,'2022-04-30','18:00:00',44),(145,'2022-05-09','18:00:00',45),(146,'2022-05-01','10:00:00',46),(147,'2022-05-09','10:00:00',47),(148,'2022-05-09','10:00:00',48),(149,'2022-05-01','12:00:00',49),(150,'2022-05-01','12:00:00',50),(151,'2022-05-01','12:00:00',51),(152,'2022-05-09','14:00:00',52),(153,'2022-05-01','14:00:00',53),(154,'2022-05-09','14:00:00',54),(155,'2022-05-01','16:00:00',55),(156,'2022-05-09','16:00:00',56),(157,'2022-05-01','16:00:00',57),(158,'2022-05-09','18:00:00',58),(159,'2022-05-01','18:00:00',59),(160,'2022-05-01','18:00:00',60),(161,'2022-05-02','10:00:00',61),(162,'2022-05-09','10:00:00',62),(163,'2022-05-02','10:00:00',63),(164,'2022-05-09','12:00:00',64),(165,'2022-05-02','12:00:00',65),(166,'2022-05-09','12:00:00',66),(167,'2022-05-02','14:00:00',67),(168,'2022-05-02','14:00:00',68),(169,'2022-05-02','14:00:00',69),(170,'2022-05-02','16:00:00',70),(171,'2022-05-02','16:00:00',71),(172,'2022-05-02','16:00:00',72),(173,'2022-05-09','18:00:00',73),(174,'2022-05-02','18:00:00',74),(175,'2022-05-09','18:00:00',75),(176,'2022-05-03','10:00:00',76),(177,'2022-05-10','10:00:00',77),(178,'2022-05-03','10:00:00',78),(179,'2022-05-03','12:00:00',79),(180,'2022-05-03','12:00:00',80),(181,'2022-05-09','12:00:00',81),(182,'2022-05-03','14:00:00',82),(183,'2022-05-10','14:00:00',83),(184,'2022-05-03','14:00:00',84),(185,'2022-05-03','16:00:00',85),(186,'2022-05-10','16:00:00',86),(187,'2022-05-03','16:00:00',87),(188,'2022-05-10','18:00:00',88),(189,'2022-05-03','18:00:00',89),(190,'2022-05-03','18:00:00',90),(191,'2022-05-10','10:00:00',91),(192,'2022-05-04','10:00:00',92),(193,'2022-05-10','10:00:00',93),(194,'2022-05-04','12:00:00',94),(195,'2022-05-10','12:00:00',95),(196,'2022-05-10','12:00:00',96),(197,'2022-05-04','14:00:00',97),(198,'2022-05-10','14:00:00',98),(199,'2022-05-04','14:00:00',99),(200,'2022-05-10','16:00:00',100);
/*!40000 ALTER TABLE `prenotazione_t` ENABLE KEYS */;
UNLOCK TABLES;

--
-- Table structure for table `prodotto_t`
--

DROP TABLE IF EXISTS `prodotto_t`;
/*!40101 SET @saved_cs_client     = @@character_set_client */;
/*!50503 SET character_set_client = utf8mb4 */;
CREATE TABLE `prodotto_t` (
  `id_prodotto` int NOT NULL AUTO_INCREMENT,
  `nome` varchar(20) NOT NULL,
  `giacenza_minima` float(5,2) NOT NULL,
  `descrizione` varchar(50) NOT NULL,
  `giacenza` float(5,2) NOT NULL,
  `tasso_conversione` float(5,2) NOT NULL,
  `unita_misura` char(2) NOT NULL,
  PRIMARY KEY (`id_prodotto`)
) ENGINE=InnoDB AUTO_INCREMENT=15 DEFAULT CHARSET=utf8mb4 COLLATE=utf8mb4_0900_ai_ci;
/*!40101 SET character_set_client = @saved_cs_client */;

--
-- Dumping data for table `prodotto_t`
--

LOCK TABLES `prodotto_t` WRITE;
/*!40000 ALTER TABLE `prodotto_t` DISABLE KEYS */;
INSERT INTO `prodotto_t` VALUES (1,'rosso',2.00,'colore',5.00,0.50,'lt'),(2,'verde',2.00,'colore',5.00,0.50,'lt'),(3,'blu',2.00,'colore',5.00,0.50,'lt'),(4,'nero',2.00,'colore',5.00,0.50,'lt'),(5,'marrone',2.00,'colore',5.00,0.50,'lt'),(6,'viola',2.00,'colore',5.00,0.50,'lt'),(7,'giallo',2.00,'colore',5.00,0.50,'lt'),(8,'azzurro',2.00,'colore',5.00,0.50,'lt'),(9,'rosa',2.00,'colore',5.00,0.50,'lt'),(10,'arancione',2.00,'colore',5.00,0.50,'lt'),(11,'shampoo',5.00,'lavaggio',20.00,1.00,'lt'),(12,'decolorante',4.00,'pre-colore',10.00,1.00,'lt'),(13,'balsamo',3.00,'cura capelli',10.00,0.50,'lt'),(14,'maschera per capelli',2.00,'cura capelli',8.00,0.50,'lt');
/*!40000 ALTER TABLE `prodotto_t` ENABLE KEYS */;
UNLOCK TABLES;

--
-- Table structure for table `scheda_cliente_t`
--

DROP TABLE IF EXISTS `scheda_cliente_t`;
/*!40101 SET @saved_cs_client     = @@character_set_client */;
/*!50503 SET character_set_client = utf8mb4 */;
CREATE TABLE `scheda_cliente_t` (
  `id_cliente` int NOT NULL,
  `id_anagrafica` int NOT NULL,
  `id_prodotto` int NOT NULL,
  `quantita` float(3,2) NOT NULL,
  PRIMARY KEY (`id_cliente`,`id_prodotto`,`id_anagrafica`),
  KEY `scheda_cliente_anagrafica_fk` (`id_anagrafica`),
  KEY `scheda_cliente_prodotto_fk` (`id_prodotto`),
  CONSTRAINT `scheda_cliente_anagrafica_fk` FOREIGN KEY (`id_anagrafica`) REFERENCES `anagrafica_t` (`id_anagrafica`),
  CONSTRAINT `scheda_cliente_cliente_fk` FOREIGN KEY (`id_cliente`) REFERENCES `cliente_t` (`id_cliente`),
  CONSTRAINT `scheda_cliente_prodotto_fk` FOREIGN KEY (`id_prodotto`) REFERENCES `prodotto_t` (`id_prodotto`)
) ENGINE=InnoDB DEFAULT CHARSET=utf8mb4 COLLATE=utf8mb4_0900_ai_ci;
/*!40101 SET character_set_client = @saved_cs_client */;

--
-- Dumping data for table `scheda_cliente_t`
--

LOCK TABLES `scheda_cliente_t` WRITE;
/*!40000 ALTER TABLE `scheda_cliente_t` DISABLE KEYS */;
INSERT INTO `scheda_cliente_t` VALUES (1,1,11,0.14),(1,6,12,0.12),(1,2,13,0.12),(1,5,13,0.11),(2,1,11,0.14),(2,5,12,0.03),(2,3,13,0.08),(3,5,10,0.04),(3,1,11,0.06),(3,3,12,0.09),(4,1,11,0.13),(4,2,12,0.08),(4,4,14,0.14),(5,1,11,0.01),(5,2,12,0.12),(5,6,12,0.06),(6,6,8,0.05),(6,1,11,0.08),(6,3,13,0.11),(7,1,11,0.09),(7,2,12,0.07),(7,4,13,0.05),(8,6,2,0.10),(8,1,11,0.12),(8,3,12,0.02),(9,7,10,0.13),(9,1,11,0.10),(9,3,14,0.12),(10,5,4,0.13),(10,1,11,0.05),(10,3,14,0.06),(11,7,5,0.10),(11,1,11,0.14),(11,3,14,0.15),(12,5,6,0.04),(12,1,11,0.11),(12,3,13,0.07),(13,6,4,0.04),(13,1,11,0.06),(13,3,13,0.04),(14,5,6,0.04),(14,1,11,0.11),(14,2,13,0.12),(15,3,6,0.02),(15,1,11,0.05),(15,3,13,0.02),(16,4,3,0.03),(16,1,11,0.09),(16,2,14,0.03),(17,1,11,0.06),(17,2,12,0.14),(17,4,13,0.03),(18,1,11,0.09),(18,2,13,0.06),(18,3,13,0.08),(19,3,10,0.08),(19,1,11,0.15),(19,2,13,0.12),(20,4,1,0.13),(20,1,11,0.12),(20,2,14,0.14),(21,7,8,0.12),(21,1,11,0.10),(21,3,13,0.05),(22,6,5,0.06),(22,1,11,0.06),(22,2,12,0.06),(23,3,5,0.08),(23,1,11,0.08),(23,3,12,0.03),(24,5,6,0.10),(24,1,11,0.14),(24,3,12,0.02),(25,2,3,0.11),(25,1,11,0.04),(25,2,14,0.12),(26,5,4,0.03),(26,1,11,0.10),(26,3,12,0.08),(27,5,7,0.06),(27,1,11,0.02),(27,2,13,0.05),(28,4,8,0.10),(28,1,11,0.03),(28,2,13,0.02),(29,4,9,0.12),(29,1,11,0.06),(29,3,14,0.07),(30,6,5,0.01),(30,1,11,0.14),(30,3,14,0.11),(31,2,5,0.15),(31,1,11,0.08),(31,2,13,0.09),(32,5,10,0.06),(32,1,11,0.06),(32,2,13,0.09),(33,6,8,0.14),(33,1,11,0.06),(33,2,14,0.08),(34,1,11,0.14),(34,6,13,0.11),(34,3,14,0.11),(35,3,10,0.08),(35,1,11,0.02),(35,3,14,0.15),(36,5,3,0.10),(36,1,11,0.12),(36,2,12,0.13),(37,6,7,0.09),(37,1,11,0.03),(37,2,13,0.07),(38,6,2,0.10),(38,1,11,0.15),(38,3,12,0.10),(39,6,9,0.07),(39,1,11,0.07),(39,2,13,0.13),(40,6,1,0.06),(40,1,11,0.12),(40,3,12,0.12),(41,6,9,0.10),(41,1,11,0.09),(41,3,14,0.04),(42,1,11,0.13),(42,3,12,0.10),(42,7,13,0.14),(43,5,3,0.07),(43,1,11,0.01),(43,2,13,0.11),(44,3,3,0.05),(44,1,11,0.04),(44,2,12,0.07),(45,4,7,0.07),(45,1,11,0.04),(45,3,13,0.08),(46,3,10,0.07),(46,1,11,0.08),(46,2,14,0.06),(47,6,9,0.12),(47,1,11,0.11),(47,3,14,0.13),(48,2,3,0.08),(48,1,11,0.06),(48,2,13,0.10),(49,6,8,0.10),(49,1,11,0.14),(49,2,13,0.04),(50,3,3,0.03),(50,1,11,0.08),(50,2,13,0.09),(51,4,2,0.02),(51,1,11,0.14),(51,3,13,0.08),(52,5,6,0.06),(52,1,11,0.08),(52,2,13,0.04),(53,1,11,0.15),(53,4,11,0.09),(53,2,13,0.05),(54,5,9,0.11),(54,1,11,0.10),(54,3,14,0.13),(55,3,5,0.02),(55,1,11,0.10),(55,3,13,0.11),(56,1,11,0.10),(56,2,13,0.05),(56,7,13,0.07),(57,6,2,0.08),(57,1,11,0.10),(57,2,13,0.07),(58,7,9,0.03),(58,1,11,0.11),(58,3,13,0.10),(59,2,8,0.02),(59,1,11,0.03),(59,2,12,0.03),(60,4,8,0.09),(60,1,11,0.15),(60,2,12,0.10),(61,4,4,0.08),(61,1,11,0.04),(61,2,14,0.02),(62,7,1,0.11),(62,1,11,0.02),(62,3,13,0.06),(63,4,9,0.04),(63,1,11,0.13),(63,3,13,0.12),(64,1,11,0.09),(64,2,12,0.09),(64,7,14,0.04),(65,3,9,0.08),(65,1,11,0.11),(65,3,13,0.08),(66,5,6,0.05),(66,1,11,0.12),(66,2,13,0.13),(67,2,3,0.10),(67,1,11,0.14),(67,2,14,0.07),(68,1,11,0.15),(68,6,13,0.06),(68,3,14,0.03),(69,5,8,0.05),(69,1,11,0.14),(69,2,14,0.04),(70,6,3,0.04),(70,1,11,0.14),(70,3,14,0.14),(71,5,7,0.06),(71,1,11,0.08),(71,3,12,0.13),(72,5,5,0.14),(72,1,11,0.02),(72,3,12,0.03),(73,1,11,0.10),(73,3,12,0.11),(73,6,13,0.04),(74,4,2,0.06),(74,1,11,0.05),(74,2,12,0.01),(75,3,2,0.08),(75,1,11,0.04),(75,2,14,0.03),(76,6,6,0.15),(76,1,11,0.11),(76,3,14,0.03),(77,1,11,0.14),(77,3,12,0.08),(77,5,14,0.07),(78,3,10,0.05),(78,1,11,0.04),(78,3,13,0.03),(79,1,11,0.03),(79,3,12,0.02),(79,7,13,0.13),(80,1,11,0.13),(80,2,13,0.14),(80,5,13,0.13),(81,2,7,0.04),(81,1,11,0.03),(81,2,14,0.07),(82,1,11,0.14),(82,2,13,0.12),(82,3,13,0.06),(83,5,9,0.10),(83,1,11,0.06),(83,2,13,0.09),(84,2,5,0.04),(84,1,11,0.10),(84,3,13,0.14),(85,1,11,0.01),(85,4,11,0.11),(85,2,13,0.03),(86,6,3,0.14),(86,1,11,0.13),(86,2,14,0.13),(87,3,6,0.10),(87,1,11,0.04),(87,2,13,0.14),(88,4,4,0.12),(88,1,11,0.11),(88,3,14,0.07),(89,1,11,0.10),(89,2,12,0.14),(89,6,12,0.09),(90,7,5,0.12),(90,1,11,0.06),(90,3,13,0.12),(91,5,8,0.05),(91,1,11,0.05),(91,2,14,0.11),(92,5,3,0.05),(92,1,11,0.06),(92,3,12,0.06),(93,3,7,0.06),(93,1,11,0.11),(93,2,13,0.08),(94,6,9,0.09),(94,1,11,0.11),(94,2,13,0.11),(95,1,11,0.02),(95,2,13,0.05),(95,6,13,0.10),(96,1,11,0.10),(96,4,11,0.06),(96,3,12,0.01),(97,6,2,0.09),(97,1,11,0.05),(97,3,13,0.03),(98,5,1,0.02),(98,1,11,0.05),(98,2,13,0.09),(99,3,9,0.07),(99,1,11,0.07),(99,2,12,0.01),(100,1,11,0.10),(100,6,12,0.05),(100,3,13,0.09);
/*!40000 ALTER TABLE `scheda_cliente_t` ENABLE KEYS */;
UNLOCK TABLES;

--
-- Temporary view structure for view `tratt`
--

DROP TABLE IF EXISTS `tratt`;
/*!50001 DROP VIEW IF EXISTS `tratt`*/;
SET @saved_cs_client     = @@character_set_client;
/*!50503 SET character_set_client = utf8mb4 */;
/*!50001 CREATE VIEW `tratt` AS SELECT 
 1 AS `descrizione`,
 1 AS `numerotrattamenti`*/;
SET character_set_client = @saved_cs_client;

--
-- Table structure for table `trattamento_t`
--

DROP TABLE IF EXISTS `trattamento_t`;
/*!40101 SET @saved_cs_client     = @@character_set_client */;
/*!50503 SET character_set_client = utf8mb4 */;
CREATE TABLE `trattamento_t` (
  `id_trattamento` int NOT NULL AUTO_INCREMENT,
  `ora_inizio` time NOT NULL,
  `id_prenotazione` int NOT NULL,
  `id_personale` int DEFAULT NULL,
  PRIMARY KEY (`id_trattamento`),
  KEY `trattamento_prenotazione_fk` (`id_prenotazione`),
  KEY `trattamento_personale_fk` (`id_personale`),
  CONSTRAINT `trattamento_personale_fk` FOREIGN KEY (`id_personale`) REFERENCES `personale_t` (`id_personale`),
  CONSTRAINT `trattamento_prenotazione_fk` FOREIGN KEY (`id_prenotazione`) REFERENCES `prenotazione_t` (`id_prenotazione`)
) ENGINE=InnoDB AUTO_INCREMENT=301 DEFAULT CHARSET=utf8mb4 COLLATE=utf8mb4_0900_ai_ci;
/*!40101 SET character_set_client = @saved_cs_client */;

--
-- Dumping data for table `trattamento_t`
--

LOCK TABLES `trattamento_t` WRITE;
/*!40000 ALTER TABLE `trattamento_t` DISABLE KEYS */;
INSERT INTO `trattamento_t` VALUES (101,'10:00:00',1,1),(102,'10:00:00',2,2),(103,'10:00:00',3,3),(104,'12:00:00',4,1),(105,'12:00:00',5,2),(106,'12:00:00',6,3),(107,'14:00:00',7,1),(108,'14:00:00',8,2),(109,'14:00:00',9,3),(110,'16:00:00',10,1),(111,'16:00:00',11,2),(112,'16:00:00',12,3),(113,'18:00:00',13,1),(114,'18:00:00',14,2),(115,'18:00:00',15,3),(116,'10:00:00',16,1),(117,'10:00:00',17,2),(118,'10:00:00',18,3),(119,'12:00:00',19,1),(120,'12:00:00',20,2),(121,'12:00:00',21,3),(122,'14:00:00',22,1),(123,'14:00:00',23,2),(124,'14:00:00',24,3),(125,'16:00:00',25,1),(126,'16:00:00',26,2),(127,'16:00:00',27,3),(128,'18:00:00',28,1),(129,'18:00:00',29,2),(130,'18:00:00',30,3),(131,'10:00:00',31,1),(132,'10:00:00',32,2),(133,'10:00:00',33,3),(134,'12:00:00',34,1),(135,'12:00:00',35,2),(136,'12:00:00',36,3),(137,'14:00:00',37,1),(138,'14:00:00',38,2),(139,'14:00:00',39,3),(140,'16:00:00',40,1),(141,'16:00:00',41,2),(142,'16:00:00',42,3),(143,'18:00:00',43,1),(144,'18:00:00',44,2),(145,'18:00:00',45,3),(146,'10:00:00',46,1),(147,'10:00:00',47,2),(148,'10:00:00',48,3),(149,'12:00:00',49,1),(150,'12:00:00',50,2),(151,'12:00:00',51,3),(152,'14:00:00',52,1),(153,'14:00:00',53,2),(154,'14:00:00',54,3),(155,'16:00:00',55,1),(156,'16:00:00',56,2),(157,'16:00:00',57,3),(158,'18:00:00',58,1),(159,'18:00:00',59,2),(160,'18:00:00',60,3),(161,'10:00:00',61,1),(162,'10:00:00',62,2),(163,'10:00:00',63,3),(164,'12:00:00',64,1),(165,'12:00:00',65,2),(166,'12:00:00',66,3),(167,'14:00:00',67,1),(168,'14:00:00',68,2),(169,'14:00:00',69,3),(170,'16:00:00',70,1),(171,'16:00:00',71,2),(172,'16:00:00',72,3),(173,'18:00:00',73,1),(174,'18:00:00',74,2),(175,'18:00:00',75,3),(176,'10:00:00',76,1),(177,'10:00:00',77,2),(178,'10:00:00',78,3),(179,'12:00:00',79,1),(180,'12:00:00',80,2),(181,'12:00:00',81,3),(182,'14:00:00',82,1),(183,'14:00:00',83,2),(184,'14:00:00',84,3),(185,'16:00:00',85,1),(186,'16:00:00',86,2),(187,'16:00:00',87,3),(188,'18:00:00',88,1),(189,'18:00:00',89,2),(190,'18:00:00',90,3),(191,'10:00:00',91,1),(192,'10:00:00',92,2),(193,'10:00:00',93,3),(194,'12:00:00',94,1),(195,'12:00:00',95,2),(196,'12:00:00',96,3),(197,'14:00:00',97,1),(198,'14:00:00',98,2),(199,'14:00:00',99,3),(200,'16:00:00',100,1),(201,'10:00:00',101,1),(202,'10:00:00',102,2),(203,'10:00:00',103,3),(204,'12:00:00',104,1),(205,'12:00:00',105,2),(206,'12:00:00',106,3),(207,'14:00:00',107,1),(208,'14:00:00',108,2),(209,'14:00:00',109,3),(210,'16:00:00',110,1),(211,'16:00:00',111,2),(212,'16:00:00',112,3),(213,'18:00:00',113,1),(214,'18:00:00',114,2),(215,'18:00:00',115,3),(216,'10:00:00',116,1),(217,'10:00:00',117,2),(218,'10:00:00',118,3),(219,'12:00:00',119,1),(220,'12:00:00',120,2),(221,'12:00:00',121,3),(222,'14:00:00',122,1),(223,'14:00:00',123,2),(224,'14:00:00',124,3),(225,'16:00:00',125,1),(226,'16:00:00',126,2),(227,'16:00:00',127,3),(228,'18:00:00',128,1),(229,'18:00:00',129,2),(230,'18:00:00',130,3),(231,'10:00:00',131,1),(232,'10:00:00',132,2),(233,'10:00:00',133,3),(234,'12:00:00',134,1),(235,'12:00:00',135,2),(236,'12:00:00',136,3),(237,'14:00:00',137,1),(238,'14:00:00',138,2),(239,'14:00:00',139,3),(240,'16:00:00',140,1),(241,'16:00:00',141,2),(242,'16:00:00',142,3),(243,'18:00:00',143,1),(244,'18:00:00',144,2),(245,'18:00:00',145,3),(246,'10:00:00',146,1),(247,'10:00:00',147,2),(248,'10:00:00',148,3),(249,'12:00:00',149,1),(250,'12:00:00',150,2),(251,'12:00:00',151,3),(252,'14:00:00',152,1),(253,'14:00:00',153,2),(254,'14:00:00',154,3),(255,'16:00:00',155,1),(256,'16:00:00',156,2),(257,'16:00:00',157,3),(258,'18:00:00',158,1),(259,'18:00:00',159,2),(260,'18:00:00',160,3),(261,'10:00:00',161,1),(262,'10:00:00',162,2),(263,'10:00:00',163,3),(264,'12:00:00',164,1),(265,'12:00:00',165,2),(266,'12:00:00',166,3),(267,'14:00:00',167,1),(268,'14:00:00',168,2),(269,'14:00:00',169,3),(270,'16:00:00',170,1),(271,'16:00:00',171,2),(272,'16:00:00',172,3),(273,'18:00:00',173,1),(274,'18:00:00',174,2),(275,'18:00:00',175,3),(276,'10:00:00',176,1),(277,'10:00:00',177,2),(278,'10:00:00',178,3),(279,'12:00:00',179,1),(280,'12:00:00',180,2),(281,'12:00:00',181,3),(282,'14:00:00',182,1),(283,'14:00:00',183,2),(284,'14:00:00',184,3),(285,'16:00:00',185,1),(286,'16:00:00',186,2),(287,'16:00:00',187,3),(288,'18:00:00',188,1),(289,'18:00:00',189,2),(290,'18:00:00',190,3),(291,'10:00:00',191,1),(292,'10:00:00',192,2),(293,'10:00:00',193,3),(294,'12:00:00',194,1),(295,'12:00:00',195,2),(296,'12:00:00',196,3),(297,'14:00:00',197,1),(298,'14:00:00',198,2),(299,'14:00:00',199,3),(300,'16:00:00',200,1);
/*!40000 ALTER TABLE `trattamento_t` ENABLE KEYS */;
UNLOCK TABLES;

--
-- Final view structure for view `tratt`
--

/*!50001 DROP VIEW IF EXISTS `tratt`*/;
/*!50001 SET @saved_cs_client          = @@character_set_client */;
/*!50001 SET @saved_cs_results         = @@character_set_results */;
/*!50001 SET @saved_col_connection     = @@collation_connection */;
/*!50001 SET character_set_client      = utf8mb4 */;
/*!50001 SET character_set_results     = utf8mb4 */;
/*!50001 SET collation_connection      = utf8mb4_0900_ai_ci */;
/*!50001 CREATE ALGORITHM=UNDEFINED */
/*!50013 DEFINER=`root`@`localhost` SQL SECURITY DEFINER */
/*!50001 VIEW `tratt` AS select `anagrafica_t`.`descrizione` AS `descrizione`,count(0) AS `numerotrattamenti` from ((`anagrafica_t` join `prenotazione_t`) join `appuntamento_t`) where ((`prenotazione_t`.`id_prenotazione` = `appuntamento_t`.`id_prenotazione`) and (`appuntamento_t`.`id_anagrafica` = `anagrafica_t`.`id_anagrafica`)) group by `anagrafica_t`.`descrizione` */;
/*!50001 SET character_set_client      = @saved_cs_client */;
/*!50001 SET character_set_results     = @saved_cs_results */;
/*!50001 SET collation_connection      = @saved_col_connection */;
/*!40103 SET TIME_ZONE=@OLD_TIME_ZONE */;

/*!40101 SET SQL_MODE=@OLD_SQL_MODE */;
/*!40014 SET FOREIGN_KEY_CHECKS=@OLD_FOREIGN_KEY_CHECKS */;
/*!40014 SET UNIQUE_CHECKS=@OLD_UNIQUE_CHECKS */;
/*!40101 SET CHARACTER_SET_CLIENT=@OLD_CHARACTER_SET_CLIENT */;
/*!40101 SET CHARACTER_SET_RESULTS=@OLD_CHARACTER_SET_RESULTS */;
/*!40101 SET COLLATION_CONNECTION=@OLD_COLLATION_CONNECTION */;
/*!40111 SET SQL_NOTES=@OLD_SQL_NOTES */;

-- Dump completed on 2022-05-26 11:28:27
